link,id,subreddit,title,upvotes,comments,cites,notes,nodes,edges,time
https://www.reddit.com/r/pics/comments/1gcle2b/donald_trump_tells_people_to_inject_bleach_to/,1gcle2b,pics,donald_trump_tells_people_to_inject_bleach_to,53000.0,5600.0,,,,,
https://www.reddit.com/r/Fauxmoi/comments/1k6ai20/5_years_ago_today_trump_told_americans_to_inject/,1k6ai20,Fauxmoi,5_years_ago_today_trump_told_americans_to_inject,13000.0,816.0,,,,,
https://www.reddit.com/r/pics/comments/1eaq44r/dr_deborah_birxs_reaction_after_president_donald/,1eaq44r,pics,dr_deborah_birxs_reaction_after_president_donald,26000.0,2100.0,,,,,
https://www.reddit.com/r/centrist/comments/1fnuh2i/do_people_honesty_believe_trump_meant_injecting/,1fnuh2i,centrist,do_people_honesty_believe_trump_meant_injecting,0.0,192.0,,,,,
https://www.reddit.com/r/pics/comments/1cayf7o/trump_minutes_before_suggesting_injecting/,1cayf7o,pics,trump_minutes_before_suggesting_injecting,43000.0,3100.0,,,,,
https://www.reddit.com/r/OutOfTheLoop/comments/1969z60/whats_the_deal_with_drinking_bleach_to_cure_or/,1969z60,OutOfTheLoop,whats_the_deal_with_drinking_bleach_to_cure_or,0.0,58.0,,,,,
https://www.reddit.com/r/rant/comments/1gcdxpl/why_does_trump_get_a_pass_for_botching_the/,1gcdxpl,rant,why_does_trump_get_a_pass_for_botching_the,197.0,254.0,,,,,
https://www.reddit.com/r/politics/comments/1cbf59d/biden_mocks_trump_on_anniversary_of_covid_bleach/,1cbf59d,politics,biden_mocks_trump_on_anniversary_of_covid_bleach,519.0,21.0,,,,,
https://www.reddit.com/r/TrueOffMyChest/comments/gj6azq/trump_did_not_tell_anyone_to_drink_bleach/,gj6azq,TrueOffMyChest,trump_did_not_tell_anyone_to_drink_bleach,15.0,56.0,,,,,
https://www.reddit.com/r/pics/comments/g7f5xr/photographer_captures_the_exact_moment_trump/,g7f5xr,pics,photographer_captures_the_exact_moment_trump,120000.0,5900.0,,,,,
https://www.reddit.com/r/worldnews/comments/g76y7b/bleach_manufacturers_have_warned_people_not_to/,g76y7b,worldnews,bleach_manufacturers_have_warned_people_not_to,82000.0,7700.0,,,1714.0,2372.0,349.005
https://www.reddit.com/r/WatchPeopleDieInside/comments/g6z08y/dr_birxs_reaction_when_president_trump_asks_his/,g6z08y,WatchPeopleDieInside,dr_birxs_reaction_when_president_trump_asks_his,208000.0,9000.0,,,2185.0,2684.0,508.02
https://www.reddit.com/r/Coronavirus/comments/g6xpii/trump_suggests_injection_of_disinfectant_to_beat/,g6xpii,Coronavirus,trump_suggests_injection_of_disinfectant_to_beat,55000.0,865.0,,,220.0,252.0,34.758
https://www.reddit.com/r/baltimore/comments/g7ey3g/a_message_from_the_mayor_of_baltimore_city/,g7ey3g,baltimore,a_message_from_the_mayor_of_baltimore_city,,,,,18.0,19.0,0.982
